21CSEDS001,21CSEDS020 ,21CSEDS013,21CSEDS043 ,21CSEDS023,21CSEDS044 ,21CSEDS033,21CSEDS012 ,21CSEDS043,21CSEDS002 
21CSEDS001,21CSEDS039 ,21CSEDS014,21CSEDS005 ,21CSEDS023,21CSEDS046 ,21CSEDS033,21CSEDS019 ,21CSEDS043,21CSEDS008 
21CSEDS001,21CSEDS044 ,21CSEDS014,21CSEDS006 ,21CSEDS024,21CSEDS011 ,21CSEDS033,21CSEDS021 ,21CSEDS043,21CSEDS013 
21CSEDS001,21CSEDS003 ,21CSEDS014,21CSEDS010 ,21CSEDS024,21CSEDS022 ,21CSEDS033,21CSEDS025 ,21CSEDS043,21CSEDS019 
21CSEDS001,21CSEDS011 ,21CSEDS014,21CSEDS013 ,21CSEDS024,21CSEDS023 ,21CSEDS033,21CSEDS026 ,21CSEDS043,21CSEDS020 
21CSEDS002,21CSEDS007 ,21CSEDS014,21CSEDS017 ,21CSEDS024,21CSEDS024 ,21CSEDS033,21CSEDS028 ,21CSEDS043,21CSEDS021 
21CSEDS002,21CSEDS001 ,21CSEDS014,21CSEDS018,21CSEDS024,21CSEDS034 ,21CSEDS033,21CSEDS030 ,21CSEDS043,21CSEDS041 
21CSEDS002,21CSEDS008 ,21CSEDS014,21CSEDS021 ,21CSEDS025,21CSEDS003 ,21CSEDS033,21CSEDS031 ,21CSEDS043,21CSEDS042 
21CSEDS002,21CSEDS013 ,21CSEDS014,21CSEDS023 ,21CSEDS025,21CSEDS008 ,21CSEDS033,21CSEDS034 ,21CSEDS043,21CSEDS044 
21CSEDS002,21CSEDS020 ,21CSEDS014,21CSEDS024 ,21CSEDS025,21CSEDS011 ,21CSEDS033,21CSEDS035 ,21CSEDS043,21CSEDS046 
21CSEDS002,21CSEDS039 ,21CSEDS014,21CSEDS026 ,21CSEDS025,21CSEDS012 ,21CSEDS034,21CSEDS014 ,21CSEDS044,21CSEDS008 
21CSEDS002,21CSEDS044 ,21CSEDS014,21CSEDS028 ,21CSEDS025,21CSEDS013 ,21CSEDS034,21CSEDS019 ,21CSEDS044,21CSEDS019
21CSEDS003,21CSEDS062 ,21CSEDS014,21CSEDS029 ,21CSEDS025,21CSEDS016,21CSEDS034,21CSEDS021,21CSEDS044,21CSEDS021 
21CSEDS003,21CSEDS002 ,21CSEDS014,21CSEDS030 ,21CSEDS025,21CSEDS018 ,21CSEDS034,21CSEDS008 ,21CSEDS044,21CSEDS041 
21CSEDS003,21CSEDS003 ,21CSEDS014,21CSEDS033 ,21CSEDS025,21CSEDS031 ,21CSEDS034,21CSEDS030 ,21CSEDS044,21CSEDS046 
21CSEDS003,21CSEDS028 ,21CSEDS014,21CSEDS034 ,21CSEDS025,21CSEDS032 ,21CSEDS034,21CSEDS036 ,21CSEDS045,21CSEDS013 
21CSEDS004,21CSEDS030 ,21CSEDS014,21CSEDS037 ,21CSEDS025,21CSEDS033 ,21CSEDS034,21CSEDS026 ,21CSEDS045,21CSEDS014 
21CSEDS004,21CSEDS011,21CSEDS014,21CSEDS039 ,21CSEDS025,21CSEDS037 ,21CSEDS034,21CSEDS035 ,21CSEDS045,21CSEDS025 
21CSEDS004,21CSEDS028 ,21CSEDS014,21CSEDS061 ,21CSEDS025,21CSEDS040 ,21CSEDS034,21CSEDS033 ,21CSEDS045,21CSEDS026 
21CSEDS004,21CSEDS030 ,21CSEDS014,21CSEDS062 ,21CSEDS025,21CSEDS043 ,21CSEDS034,21CSEDS031 ,21CSEDS045,21CSEDS035 
21CSEDS004,21CSEDS062 ,21CSEDS015,21CSEDS003 ,21CSEDS025,21CSEDS045 ,21CSEDS035,21CSEDS023 ,21CSEDS045,21CSEDS046 
21CSEDS006,21CSEDS028 ,21CSEDS016,21CSEDS013 ,21CSEDS026,21CSEDS003 ,21CSEDS035,21CSEDS024 ,21CSEDS045,21CSEDS019 
21CSEDS006,21CSEDS030 ,21CSEDS016,21CSEDS021 ,21CSEDS026,21CSEDS008 ,21CSEDS035,21CSEDS025 ,21CSEDS045,21CSEDS021 
21CSEDS006,21CSEDS062 ,21CSEDS016,21CSEDS026 ,21CSEDS026,21CSEDS012 ,21CSEDS035,21CSEDS026 ,21CSEDS046,21CSEDS008 
21CSEDS007,21CSEDS062 ,21CSEDS016,21CSEDS030 ,21CSEDS026,21CSEDS013 ,21CSEDS035,21CSEDS033 ,21CSEDS046,21CSEDS019 
21CSEDS007,21CSEDS002 ,21CSEDS017,21CSEDS032 ,21CSEDS026,21CSEDS014,21CSEDS035,21CSEDS043 ,21CSEDS046,21CSEDS021 
21CSEDS007,21CSEDS003 ,21CSEDS017,21CSEDS033 ,21CSEDS026,21CSEDS019 ,21CSEDS035,21CSEDS045 ,21CSEDS046,21CSEDS044 
21CSEDS007,21CSEDS028 ,21CSEDS018,21CSEDS034 ,21CSEDS026,21CSEDS021 ,21CSEDS036,21CSEDS006 ,21CSEDS047,21CSEDS048
21CSEDS007,21CSEDS030 ,21CSEDS018,21CSEDS019 ,21CSEDS026,21CSEDS022 ,21CSEDS036,21CSEDS016 ,21CSEDS047,21CSEDS049
21CSEDS007,21CSEDS033 ,21CSEDS019,21CSEDS003 ,21CSEDS026,21CSEDS023 ,21CSEDS036,21CSEDS018 ,21CSEDS047,21CSEDS050
21CSEDS007,21CSEDS050 ,21CSEDS019,21CSEDS013 ,21CSEDS026,21CSEDS024 ,21CSEDS036,21CSEDS021 ,21CSEDS047,21CSEDS061
21CSEDS008,21CSEDS013 ,21CSEDS019,21CSEDS021 ,21CSEDS026,21CSEDS025 ,21CSEDS036,21CSEDS025,21CSEDS047,21CSEDS062
21CSEDS008,21CSEDS014 ,21CSEDS019,21CSEDS026 ,21CSEDS026,21CSEDS030 ,21CSEDS036,21CSEDS026 ,21CSEDS048,21CSEDS036
21CSEDS008,21CSEDS025 ,21CSEDS019,21CSEDS030 ,21CSEDS026,21CSEDS031 ,21CSEDS036,21CSEDS028 ,21CSEDS048,21CSEDS037
21CSEDS008,21CSEDS026 ,21CSEDS019,21CSEDS032 ,21CSEDS026,21CSEDS033 ,21CSEDS036,21CSEDS029 ,21CSEDS048,21CSEDS038
21CSEDS008,21CSEDS035 ,21CSEDS019,21CSEDS033 ,21CSEDS026,21CSEDS034 ,21CSEDS036,21CSEDS030 ,21CSEDS048,21CSEDS039
21CSEDS008,21CSEDS046 ,21CSEDS019,21CSEDS034 ,21CSEDS026,21CSEDS035 ,21CSEDS036,21CSEDS034 ,21CSEDS048,21CSEDS040
21CSEDS010,21CSEDS026 ,21CSEDS019,21CSEDS035 ,21CSEDS026,21CSEDS036 ,21CSEDS036,21CSEDS040 ,21CSEDS048,21CSEDS041
21CSEDS010,21CSEDS028 ,21CSEDS019,21CSEDS044,21CSEDS027,21CSEDS030 ,21CSEDS037,21CSEDS016 ,21CSEDS048,21CSEDS042
21CSEDS010,21CSEDS029 ,21CSEDS019,21CSEDS046 ,21CSEDS027,21CSEDS031 ,21CSEDS038,21CSEDS018 ,21CSEDS048,21CSEDS043
21CSEDS010,21CSEDS030 ,21CSEDS020,21CSEDS002,21CSEDS027,21CSEDS033 ,21CSEDS038,21CSEDS021 ,21CSEDS048,21CSEDS044
21CSEDS010,21CSEDS031 ,21CSEDS020,21CSEDS039 ,21CSEDS027,21CSEDS035 ,21CSEDS039,21CSEDS025 ,21CSEDS049,21CSEDS011 
21CSEDS011,21CSEDS033 ,21CSEDS021,21CSEDS002 ,21CSEDS028,21CSEDS004 ,21CSEDS039,21CSEDS026 ,21CSEDS049,21CSEDS012 
21CSEDS011,21CSEDS034 ,21CSEDS021,21CSEDS013 ,21CSEDS028,21CSEDS018 ,21CSEDS040,21CSEDS028 ,21CSEDS049,21CSEDS015 
21CSEDS011,21CSEDS036 ,21CSEDS021,21CSEDS019 ,21CSEDS028,21CSEDS023 ,21CSEDS040,21CSEDS029 ,21CSEDS049,21CSEDS016 
21CSEDS011,21CSEDS037 ,21CSEDS021,21CSEDS026 ,21CSEDS028,21CSEDS028 ,21CSEDS041,21CSEDS030 ,21CSEDS049,21CSEDS022 
21CSEDS011,21CSEDS040 ,21CSEDS021,21CSEDS030 ,21CSEDS028,21CSEDS030 ,21CSEDS041,21CSEDS034 ,21CSEDS049,21CSEDS024 
21CSEDS012,21CSEDS011 ,21CSEDS021,21CSEDS033 ,21CSEDS028,21CSEDS031 ,21CSEDS041,21CSEDS040 ,21CSEDS049,21CSEDS047 
21CSEDS012,21CSEDS024 ,21CSEDS021,21CSEDS035 ,21CSEDS028,21CSEDS033 ,21CSEDS042,21CSEDS013 ,21CSEDS049,21CSEDS048 
21CSEDS012,21CSEDS026 ,21CSEDS021,21CSEDS036 ,21CSEDS028,21CSEDS035 ,21CSEDS042,21CSEDS019 ,21CSEDS049,21CSEDS001 
21CSEDS012,21CSEDS028 ,21CSEDS021,21CSEDS041 ,21CSEDS028,21CSEDS036 ,,,21CSEDS050,21CSEDS007 
21CSEDS012,21CSEDS029 ,21CSEDS021,21CSEDS042 ,21CSEDS028,21CSEDS062 ,,,21CSEDS050,21CSEDS010 
21CSEDS012,21CSEDS030 ,21CSEDS021,21CSEDS043 ,21CSEDS029,21CSEDS005,,,21CSEDS050,21CSEDS030 
21CSEDS012,21CSEDS031 ,21CSEDS021,21CSEDS044 ,21CSEDS029,21CSEDS014 ,,,21CSEDS050,21CSEDS062 
21CSEDS012,21CSEDS033 ,21CSEDS021,21CSEDS046,21CSEDS029,21CSEDS023 ,,,21CSEDS061,21CSEDS022 
21CSEDS012,21CSEDS034 ,21CSEDS022,21CSEDS036 ,21CSEDS029,21CSEDS028 ,,,21CSEDS061,21CSEDS024 
21CSEDS012,21CSEDS035 ,21CSEDS022,21CSEDS041 ,21CSEDS029,21CSEDS029 ,,,21CSEDS061,21CSEDS047 
21CSEDS012,21CSEDS036 ,21CSEDS022,21CSEDS042 ,21CSEDS029,21CSEDS033 ,,,21CSEDS061,21CSEDS048 
21CSEDS012,21CSEDS037 ,21CSEDS022,21CSEDS043 ,21CSEDS030,21CSEDS003 ,,,21CSEDS062,21CSEDS001 
21CSEDS012,21CSEDS040 ,21CSEDS023,21CSEDS044 ,21CSEDS030,21CSEDS004 ,,,21CSEDS062,21CSEDS006 
21CSEDS012,21CSEDS045 ,21CSEDS023,21CSEDS046 ,21CSEDS030,21CSEDS007 ,,,21CSEDS062,21CSEDS016 
21CSEDS012,21CSEDS047 ,,,21CSEDS030,21CSEDS028 ,,,,
21CSEDS012,21CSEDS048 ,,,21CSEDS030,21CSEDS030 ,,,,
21CSEDS012,21CSEDS049 ,,,21CSEDS030,21CSEDS033 ,,,,
,,,,21CSEDS030,21CSEDS062 ,,,,
,,,,21CSEDS031,21CSEDS011 ,,,,
,,,,21CSEDS031,21CSEDS012 ,,,,
,,,,21CSEDS031,21CSEDS025 ,,,,
,,,,21CSEDS031,21CSEDS030 ,,,,
,,,,21CSEDS031,21CSEDS043 ,,,,
,,,,21CSEDS032,21CSEDS001 ,,,,
,,,,21CSEDS032,21CSEDS002 ,,,,
,,,,21CSEDS032,21CSEDS003 ,,,,
,,,,21CSEDS032,21CSEDS004 ,,,,
,,,,21CSEDS032,21CSEDS006 ,,,,
,,,,21CSEDS032,21CSEDS007 ,,,,
,,,,21CSEDS032,21CSEDS008 ,,,,
,,,,21CSEDS032,21CSEDS010 ,,,,
,,,,21CSEDS032,21CSEDS011 ,,,,
,,,,21CSEDS032,21CSEDS012 ,,,,
,,,,21CSEDS032,21CSEDS013 ,,,,
,,,,21CSEDS032,21CSEDS014 ,,,,
,,,,21CSEDS032,21CSEDS015 ,,,,
,,,,21CSEDS032,21CSEDS016 ,,,,
,,,,21CSEDS032,21CSEDS017 ,,,,
,,,,21CSEDS032,21CSEDS018 ,,,,
,,,,21CSEDS032,21CSEDS019 ,,,,
,,,,21CSEDS032,21CSEDS033 ,,,,
,,,,21CSEDS032,21CSEDS034 ,,,,
,,,,21CSEDS032,21CSEDS035 ,,,,
,,,,21CSEDS032,21CSEDS036 ,,,,
,,,,21CSEDS032,21CSEDS062 ,,,,
